{
    "providers": [
        {
            "type": "ttf",
            "file": "minecraft:negative_spaces.ttf",
            "shift": [0.0, 0.0],
            "size": 10.0,
            "oversample": 1.0
        },
        {
            "type": "bitmap",
            "file": "minecraft:font/001.png",
            "ascent": 8,
            "height": 9,
            "chars": [
                "\uE000"
            ]
        },
        {
            "type": "bitmap",
            "file": "minecraft:font/002.png",
            "ascent": 8,
            "height": 9,
            "chars": [
                "\uE001"
            ]
        },
        {
            "type": "bitmap",
            "file": "minecraft:font/003.png",
            "ascent": 8,
            "height": 9,
            "chars": [
                "\uE002"
            ]
        },
        {
            "type": "bitmap",
            "file": "minecraft:font/004.png",
            "ascent": 8,
            "height": 9,
            "chars": [
                "\uE003"
            ]
        },
        {
            "type": "bitmap",
            "file": "minecraft:font/005.png",
            "ascent": 8,
            "height": 9,
            "chars": [
                "\uE004"
            ]
        },
        {
            "type": "bitmap",
            "file": "minecraft:font/006.png",
            "ascent": 8,
            "height": 9,
            "chars": [
                "\uE005"
            ]
        },
        {
            "type": "bitmap",
            "file": "minecraft:font/007.png",
            "ascent": 8,
            "height": 9,
            "chars": [
                "\uE006"
            ]
        },
        {
            "type": "bitmap",
            "file": "minecraft:font/008.png",
            "ascent": 8,
            "height": 9,
            "chars": [
                "\uE007"
            ]
        },
        {
            "type": "bitmap",
            "file": "minecraft:font/009.png",
            "ascent": 8,
            "height": 9,
            "chars": [
                "\uE008"
            ]
        },
        {
            "type": "bitmap",
            "file": "minecraft:font/010.png",
            "ascent": 8,
            "height": 9,
            "chars": [
                "\uE009"
            ]
        },
        {
            "type": "bitmap",
            "file": "minecraft:font/011.png",
            "ascent": 8,
            "height": 9,
            "chars": [
                "\uE010"
            ]
        },
        {
            "type": "bitmap",
            "file": "minecraft:font/012.png",
            "ascent": 8,
            "height": 9,
            "chars": [
                "\uE011"
            ]
        },
        {
            "type": "bitmap",
            "file": "minecraft:font/013.png",
            "ascent": 8,
            "height": 9,
            "chars": [
                "\uE012"
            ]
        },
        {
            "type": "bitmap",
            "file": "minecraft:font/014.png",
            "ascent": 8,
            "height": 9,
            "chars": [
                "\uE013"
            ]
        },
        {
            "type": "bitmap",
            "file": "minecraft:font/015.png",
            "ascent": 8,
            "height": 9,
            "chars": [
                "\uE014"
            ]
        },
        {
            "type": "bitmap",
            "file": "minecraft:font/016.png",
            "ascent": 8,
            "height": 9,
            "chars": [
                "\uE015"
            ]
        },
        {
            "type": "bitmap",
            "file": "minecraft:font/017.png",
            "ascent": 8,
            "height": 9,
            "chars": [
                "\uE016"
            ]
        },
        {
            "type": "bitmap",
            "file": "minecraft:font/018.png",
            "ascent": 8,
            "height": 9,
            "chars": [
                "\uE017"
            ]
        },
        {
            "type": "bitmap",
            "file": "minecraft:font/019.png",
            "ascent": 8,
            "height": 9,
            "chars": [
                "\uE018"
            ]
        },
        {
            "type": "bitmap",
            "file": "minecraft:font/020.png",
            "ascent": 8,
            "height": 9,
            "chars": [
                "\uE019"
            ]
        },
        {
            "type": "bitmap",
            "file": "minecraft:font/021.png",
            "ascent": 8,
            "height": 9,
            "chars": [
                "\uE020"
            ]
        },
        {
            "type": "bitmap",
            "file": "minecraft:font/022.png",
            "ascent": 8,
            "height": 9,
            "chars": [
                "\uE021"
            ]
        },
        {
            "type": "bitmap",
            "file": "minecraft:font/023.png",
            "ascent": 8,
            "height": 9,
            "chars": [
                "\uE022"
            ]
        },
        {
            "type": "bitmap",
            "file": "minecraft:font/024.png",
            "ascent": 8,
            "height": 9,
            "chars": [
                "\uE023"
            ]
        },
        {
            "type": "bitmap",
            "file": "minecraft:font/025.png",
            "ascent": 8,
            "height": 9,
            "chars": [
                "\uE024"
            ]
        },
        {
            "type": "bitmap",
            "file": "minecraft:font/026.png",
            "ascent": 8,
            "height": 9,
            "chars": [
                "\uE025"
            ]
        },
        {
            "type": "bitmap",
            "file": "minecraft:font/027.png",
            "ascent": 8,
            "height": 9,
            "chars": [
                "\uE026"
            ]
        },
        {
            "type": "bitmap",
            "file": "minecraft:font/028.png",
            "ascent": 8,
            "height": 9,
            "chars": [
                "\uE027"
            ]
        },
        {
            "type": "bitmap",
            "file": "minecraft:font/029.png",
            "ascent": 8,
            "height": 9,
            "chars": [
                "\uE028"
            ]
        },
        {
            "type": "bitmap",
            "file": "minecraft:font/030.png",
            "ascent": 8,
            "height": 9,
            "chars": [
                "\uE029"
            ]
        }
    ]
}