{
"cannon":{"category": "master","sounds": [{"name": "custom/cannon"}]},
"chime":{"category": "master","sounds": [{"name": "custom/chime"}]},
"collapse":{"category": "master","sounds": [{"name": "custom/collapse"}]},
"cyber1":{"category": "master","sounds": [{"name": "custom/cyber1"}]},
"cyber2":{"category": "master","sounds": [{"name": "custom/cyber2"}]},
"cyber3":{"category": "master","sounds": [{"name": "custom/cyber3"}]},
"cyber4":{"category": "master","sounds": [{"name": "custom/cyber4"}]},
"electric":{"category": "master","sounds": [{"name": "custom/electric"}]},
"explosion":{"category": "master","sounds": [{"name": "custom/explosion"}]},
"fire":{"category": "master","sounds": [{"name": "custom/fire"}]},
"gravity1":{"category": "master","sounds": [{"name": "custom/gravity1"}]},
"gravity2":{"category": "master","sounds": [{"name": "custom/gravity2"}]},
"guard":{"category": "master","sounds": [{"name": "custom/guard"}]},
"heartbeat":{"category": "master","sounds": [{"name": "custom/heartbeat"}]},
"ice1":{"category": "master","sounds": [{"name": "custom/ice1"}]},
"ice2":{"category": "master","sounds": [{"name": "custom/ice2"}]},
"punch1":{"category": "master","sounds": [{"name": "custom/punch1"}]},
"punch2":{"category": "master","sounds": [{"name": "custom/punch2"}]},
"junp":{"category": "master","sounds": [{"name": "custom/junp"}]},
"recovery":{"category": "master","sounds": [{"name": "custom/recovery"}]},
"sliding":{"category": "master","sounds": [{"name": "custom/sliding"}]},
"sword1":{"category": "master","sounds": [{"name": "custom/sword1"}]},
"sword2":{"category": "master","sounds": [{"name": "custom/sword2"}]},
"sword3":{"category": "master","sounds": [{"name": "custom/sword3"}]},
"wind":{"category": "master","sounds": [{"name": "custom/wind"}]},
"zombie":{"category": "master","sounds": [{"name": "custom/zombie"}]}
}